reg_no,title,category,publisher,shelf
A-0001,โภชนาการพื้นฐาน เล่ม 1,สังคมศึกษา,History Press,ชั้น A9
A-0002,ฐานข้อมูลพื้นฐาน 2024: Workshop,คอมพิวเตอร์,ABC Publishing,ชั้น A6
A-0003,เคมีขั้นสูง 2024,เทคโนโลยี,History Press,ชั้น E6
A-0004,โภชนาการคู่มือ 2026,นิยาย,Learning Co.,ชั้น A1
A-0005,ความปลอดภัยไซเบอร์ขั้นกลาง 2026,วิทยาศาสตร์,History Press,ชั้น E9
A-0006,การตลาดพื้นฐาน เล่ม 2,ธุรกิจ,TechWorld,ชั้น D9
A-0007,เศรษฐศาสตร์เบื้องต้น 2025,ศิลปะ,XYZ Press,ชั้น D6
A-0008,กฎหมายเบื้องต้นสำหรับผู้เริ่มต้น,การศึกษา,ABC Publishing,ชั้น E3
A-0009,ภูมิศาสตร์ฉบับสมบูรณ์ เล่ม 2,การศึกษา,EduPlus,ชั้น B8
A-0010,ปรัชญาสำหรับผู้เริ่มต้น เล่ม 3,สังคมศึกษา,Siam Knowledge,ชั้น B8
A-0011,เครือข่ายคอมพิวเตอร์พื้นฐาน,เทคโนโลยี,BookHub,ชั้น B6
A-0012,ฟิสิกส์เชิงปฏิบัติ 2026,อ้างอิง,BookHub,ชั้น D6
A-0013,ภูมิศาสตร์สำหรับผู้เริ่มต้น เล่ม 1,คอมพิวเตอร์,TechWorld,ชั้น C6
A-0014,เศรษฐศาสตร์พื้นฐาน ฉบับปรับปรุง,นิยาย,BookHub,ชั้น C1
A-0015,เคมีเชิงปฏิบัติ 2026,อ้างอิง,ThaiBooks,ชั้น A10
A-0016,เศรษฐศาสตร์ขั้นกลาง ฉบับปรับปรุง,เทคโนโลยี,Learning Co.,ชั้น E8
A-0017,ศิลปะเพื่อการสื่อสาร,สังคมศึกษา,Science House,ชั้น D3
A-0018,วรรณคดีไทยพื้นฐาน เล่ม 1,วิทยาศาสตร์,Siam Knowledge,ชั้น B1
A-0019,ปัญญาประดิษฐ์เพื่อการสื่อสาร: Workshop,นิยาย,ThaiBooks,ชั้น D4
A-0020,เศรษฐศาสตร์คู่มือ เล่ม 1,การศึกษา,Siam Knowledge,ชั้น D5
A-0021,ความปลอดภัยไซเบอร์ฉบับสมบูรณ์ Edition 3: Workshop,วิทยาศาสตร์,ThaiBooks,ชั้น A1
A-0022,ฐานข้อมูลฉบับสมบูรณ์ 2024,เทคโนโลยี,XYZ Press,ชั้น E1
A-0023,กฎหมายเบื้องต้นคู่มือ,ธุรกิจ,Science House,ชั้น D5
A-0024,ความปลอดภัยไซเบอร์คู่มือ เล่ม 1,สุขภาพ,ABC Publishing,ชั้น A8
A-0025,การพัฒนาซอฟต์แวร์สำหรับผู้เริ่มต้น ฉบับพิมพ์ครั้งที่ 2,สังคมศึกษา,NextGen Media,ชั้น A6
A-0026,ชีววิทยาเชิงปฏิบัติ เล่ม 2,เทคโนโลยี,Science House,ชั้น A9
A-0027,การออกแบบกราฟิกเชิงปฏิบัติ 2024,เทคโนโลยี,NextGen Media,ชั้น C8
A-0028,เคมีคู่มือ ฉบับปรับปรุง,ศิลปะ,Siam Knowledge,ชั้น E2
A-0029,บัญชีเชิงปฏิบัติ 2024,สังคมศึกษา,History Press,ชั้น A5
A-0030,การตลาดเบื้องต้น,นิยาย,History Press,ชั้น A1
A-0031,ชีววิทยาเบื้องต้น ฉบับปรับปรุง: แนวคิดและแบบฝึกหัด,ธุรกิจ,XYZ Press,ชั้น D3
A-0032,ภูมิศาสตร์ฉบับสมบูรณ์ 2025,วิทยาศาสตร์,BookHub,ชั้น D7
A-0033,ศิลปะเชิงปฏิบัติ ฉบับปรับปรุง,ศิลปะ,History Press,ชั้น A7
A-0034,ประวัติศาสตร์เพื่อการสื่อสาร Edition 3,สุขภาพ,BookHub,ชั้น A4
A-0035,การออกแบบกราฟิกพื้นฐาน เล่ม 1,ธุรกิจ,XYZ Press,ชั้น B6
A-0036,เคมีขั้นสูง 2024,ศิลปะ,Science House,ชั้น B8
A-0037,ปรัชญาขั้นสูง เล่ม 2,เทคโนโลยี,XYZ Press,ชั้น A4
A-0038,โภชนาการคู่มือ เล่ม 1,สังคมศึกษา,Science House,ชั้น C7
A-0039,วรรณคดีไทยเชิงปฏิบัติ ฉบับปรับปรุง,คอมพิวเตอร์,Science House,ชั้น C5
A-0040,การเขียนโปรแกรมเพื่อการสื่อสาร ฉบับพิมพ์ครั้งที่ 2,สุขภาพ,Learning Co.,ชั้น C8
A-0041,เครือข่ายคอมพิวเตอร์คู่มือ 2025,ภาษา,History Press,ชั้น A4
A-0042,ศิลปะคู่มือ เล่ม 1,คอมพิวเตอร์,ABC Publishing,ชั้น D8
A-0043,วรรณคดีไทยคู่มือ 2024,เทคโนโลยี,XYZ Press,ชั้น B2
A-0044,ชีววิทยาพื้นฐาน ฉบับปรับปรุง,นิยาย,History Press,ชั้น D8
A-0045,สุขศึกษาเบื้องต้น: Hands-on,นิยาย,Global Reader,ชั้น C1
A-0046,การพัฒนาซอฟต์แวร์ฉบับสมบูรณ์ ฉบับปรับปรุง,ธุรกิจ,History Press,ชั้น B7
A-0047,การเงินขั้นกลาง ฉบับพิมพ์ครั้งที่ 2,การศึกษา,ABC Publishing,ชั้น C10
A-0048,สุขศึกษาพื้นฐาน เล่ม 2,เทคโนโลยี,Learning Co.,ชั้น A9
A-0049,การพัฒนาซอฟต์แวร์สำหรับผู้เริ่มต้น เล่ม 2,ธุรกิจ,Learning Co.,ชั้น B1
A-0050,ปรัชญาคู่มือ ฉบับพิมพ์ครั้งที่ 2,อ้างอิง,Global Reader,ชั้น A1
A-0051,การออกแบบกราฟิกคู่มือ ฉบับพิมพ์ครั้งที่ 2,การศึกษา,Science House,ชั้น B7
A-0052,ประวัติศาสตร์พื้นฐาน 2024,ภาษา,NextGen Media,ชั้น B4
A-0053,เครือข่ายคอมพิวเตอร์สำหรับผู้เริ่มต้น ฉบับปรับปรุง,ภาษา,Global Reader,ชั้น D2
A-0054,เศรษฐศาสตร์เบื้องต้น เล่ม 2,ภาษา,ABC Publishing,ชั้น A1
A-0055,การตลาดขั้นกลาง ฉบับพิมพ์ครั้งที่ 2,สุขภาพ,Global Reader,ชั้น E6
A-0056,จิตวิทยาคู่มือ เล่ม 1: กรณีศึกษา,เทคโนโลยี,ABC Publishing,ชั้น C4
A-0057,ศิลปะคู่มือ เล่ม 3,คอมพิวเตอร์,Learning Co.,ชั้น C4
A-0058,การจัดการโครงการเบื้องต้น Edition 3,สังคมศึกษา,Siam Knowledge,ชั้น A7
A-0059,บัญชีคู่มือ 2026,วิทยาศาสตร์,History Press,ชั้น B1
A-0060,ปัญญาประดิษฐ์ขั้นกลาง 2026: แบบฝึกหัดพร้อมเฉลย,ศิลปะ,Siam Knowledge,ชั้น E8
A-0061,ปัญญาประดิษฐ์ขั้นสูง ฉบับพิมพ์ครั้งที่ 2,การศึกษา,EduPlus,ชั้น A3
A-0062,สถิติเชิงปฏิบัติ ฉบับปรับปรุง,สุขภาพ,TechWorld,ชั้น B10
A-0063,วิทยาการข้อมูลขั้นสูง ฉบับปรับปรุง: กรณีศึกษา,ศิลปะ,TechWorld,ชั้น B8
A-0064,สถิติพื้นฐาน ฉบับพิมพ์ครั้งที่ 2,เทคโนโลยี,EduPlus,ชั้น E4
A-0065,วิทยาการข้อมูลคู่มือ Edition 3,การศึกษา,Learning Co.,ชั้น B2
A-0066,ศิลปะฉบับสมบูรณ์ เล่ม 1: Workshop,ธุรกิจ,BookHub,ชั้น C1
A-0067,จิตวิทยาคู่มือ เล่ม 2,นิยาย,History Press,ชั้น B7
A-0068,คณิตศาสตร์เพื่อการสื่อสาร เล่ม 1,เทคโนโลยี,Siam Knowledge,ชั้น E7
A-0069,ฐานข้อมูลขั้นสูง Edition 3,อ้างอิง,TechWorld,ชั้น D10
A-0070,การตลาดพื้นฐาน ฉบับพิมพ์ครั้งที่ 2,อ้างอิง,EduPlus,ชั้น C1
A-0071,การเงินฉบับสมบูรณ์ 2024: Workshop,อ้างอิง,EduPlus,ชั้น E4
A-0072,ฐานข้อมูลขั้นกลาง,ศิลปะ,Global Reader,ชั้น A1
A-0073,กฎหมายเบื้องต้นฉบับสมบูรณ์ ฉบับปรับปรุง,นิยาย,NextGen Media,ชั้น E2
A-0074,การตลาดเชิงปฏิบัติ 2025,สังคมศึกษา,Global Reader,ชั้น D1
A-0075,ปัญญาประดิษฐ์ขั้นกลาง เล่ม 2,อ้างอิง,Siam Knowledge,ชั้น D10
A-0076,การตลาดพื้นฐาน ฉบับปรับปรุง,สังคมศึกษา,History Press,ชั้น A10
A-0077,การเขียนโปรแกรมเบื้องต้น ฉบับปรับปรุง,นิยาย,XYZ Press,ชั้น C10
A-0078,จิตวิทยาขั้นสูง 2026,สังคมศึกษา,Science House,ชั้น E2
A-0079,เครือข่ายคอมพิวเตอร์เบื้องต้น เล่ม 2,สังคมศึกษา,Science House,ชั้น E5
A-0080,ภาษาไทยเชิงปฏิบัติ เล่ม 1,การศึกษา,ThaiBooks,ชั้น A9
A-0081,ปัญญาประดิษฐ์เชิงปฏิบัติ 2024,นิยาย,TechWorld,ชั้น E9
A-0082,การจัดการโครงการเชิงปฏิบัติ,เทคโนโลยี,EduPlus,ชั้น D6
A-0083,ปรัชญาขั้นกลาง 2025,สังคมศึกษา,Siam Knowledge,ชั้น B8
A-0084,ความปลอดภัยไซเบอร์คู่มือ 2025,ภาษา,ThaiBooks,ชั้น A5
A-0085,เครือข่ายคอมพิวเตอร์ฉบับสมบูรณ์ ฉบับปรับปรุง,ธุรกิจ,Global Reader,ชั้น A6
A-0086,ภาษาอังกฤษขั้นกลาง ฉบับปรับปรุง,วิทยาศาสตร์,BookHub,ชั้น B4
A-0087,ชีววิทยาเพื่อการสื่อสาร 2026,สุขภาพ,EduPlus,ชั้น A4
A-0088,เคมีเพื่อการสื่อสาร 2026,นิยาย,BookHub,ชั้น A2
A-0089,สถิติเพื่อการสื่อสาร 2025: แบบฝึกหัดพร้อมเฉลย,ภาษา,EduPlus,ชั้น C7
A-0090,ดนตรีคู่มือ,สุขภาพ,History Press,ชั้น B8
A-0091,จิตวิทยาเชิงปฏิบัติ เล่ม 1,อ้างอิง,Siam Knowledge,ชั้น C6
A-0092,ฐานข้อมูลขั้นกลาง 2025,นิยาย,Global Reader,ชั้น A2
A-0093,การพัฒนาซอฟต์แวร์เพื่อการสื่อสาร,คอมพิวเตอร์,XYZ Press,ชั้น E2
A-0094,จิตวิทยาขั้นกลาง 2025,ภาษา,EduPlus,ชั้น C1
A-0095,เคมีเชิงปฏิบัติ Edition 3,ศิลปะ,Learning Co.,ชั้น E9
A-0096,วิทยาการข้อมูลเพื่อการสื่อสาร ฉบับพิมพ์ครั้งที่ 2,สุขภาพ,ABC Publishing,ชั้น E8
A-0097,ดนตรีเบื้องต้น Edition 3,การศึกษา,Siam Knowledge,ชั้น A3
A-0098,ความปลอดภัยไซเบอร์เบื้องต้น ฉบับปรับปรุง,คอมพิวเตอร์,NextGen Media,ชั้น A10
A-0099,ภูมิศาสตร์ขั้นกลาง 2025,นิยาย,History Press,ชั้น C10
A-0100,เครือข่ายคอมพิวเตอร์ฉบับสมบูรณ์ Edition 3,นิยาย,BookHub,ชั้น E6
A-0101,ประวัติศาสตร์ขั้นกลาง ฉบับพิมพ์ครั้งที่ 2: แนวคิดและแบบฝึกหัด,ภาษา,NextGen Media,ชั้น E4
A-0102,การพัฒนาซอฟต์แวร์เพื่อการสื่อสาร 2026,สังคมศึกษา,XYZ Press,ชั้น D8
A-0103,เครือข่ายคอมพิวเตอร์ขั้นสูง เล่ม 2,ภาษา,Siam Knowledge,ชั้น D9
A-0104,ปัญญาประดิษฐ์พื้นฐาน,ธุรกิจ,Global Reader,ชั้น C8
A-0105,การออกแบบกราฟิกสำหรับผู้เริ่มต้น เล่ม 2,ธุรกิจ,ABC Publishing,ชั้น C7
A-0106,วิทยาการข้อมูลเชิงปฏิบัติ เล่ม 2,ธุรกิจ,Siam Knowledge,ชั้น C10
A-0107,เครือข่ายคอมพิวเตอร์ขั้นกลาง 2026,เทคโนโลยี,Siam Knowledge,ชั้น B8
A-0108,สุขศึกษาคู่มือ 2025,นิยาย,Learning Co.,ชั้น C1
A-0109,สถิติขั้นสูง เล่ม 2,สุขภาพ,History Press,ชั้น E9
A-0110,ปรัชญาเพื่อการสื่อสาร Edition 3: แบบฝึกหัดพร้อมเฉลย,วิทยาศาสตร์,ThaiBooks,ชั้น B4
A-0111,บัญชีฉบับสมบูรณ์ Edition 3,นิยาย,BookHub,ชั้น B8
A-0112,ดนตรีเบื้องต้น 2024,การศึกษา,History Press,ชั้น E7
A-0113,จิตวิทยาเชิงปฏิบัติ 2024,สุขภาพ,Siam Knowledge,ชั้น E6
A-0114,วรรณคดีไทยเชิงปฏิบัติ เล่ม 1: กรณีศึกษา,ศิลปะ,BookHub,ชั้น B6
A-0115,กฎหมายเบื้องต้นสำหรับผู้เริ่มต้น 2025,ธุรกิจ,EduPlus,ชั้น E8
A-0116,ดนตรีสำหรับผู้เริ่มต้น Edition 3,ภาษา,Learning Co.,ชั้น B7
A-0117,ภูมิศาสตร์พื้นฐาน ฉบับปรับปรุง,เทคโนโลยี,BookHub,ชั้น B2
A-0118,เคมีขั้นสูง 2025,นิยาย,Global Reader,ชั้น D9
A-0119,กฎหมายเบื้องต้นพื้นฐาน ฉบับปรับปรุง,ธุรกิจ,Science House,ชั้น B10
A-0120,การเขียนโปรแกรมคู่มือ เล่ม 3,คอมพิวเตอร์,Global Reader,ชั้น B9
A-0121,เครือข่ายคอมพิวเตอร์ขั้นกลาง 2025: แนวคิดและแบบฝึกหัด,นิยาย,Learning Co.,ชั้น D1
A-0122,วรรณคดีไทยเชิงปฏิบัติ Edition 3,คอมพิวเตอร์,Learning Co.,ชั้น D1
A-0123,ประวัติศาสตร์พื้นฐาน 2026,นิยาย,Siam Knowledge,ชั้น E4
A-0124,คณิตศาสตร์ขั้นกลาง เล่ม 3,ภาษา,XYZ Press,ชั้น B6
A-0125,ประวัติศาสตร์คู่มือ 2026,นิยาย,History Press,ชั้น E10
A-0126,ภาษาไทยเพื่อการสื่อสาร 2025,ภาษา,NextGen Media,ชั้น C8
A-0127,กฎหมายเบื้องต้นเบื้องต้น,การศึกษา,History Press,ชั้น E1
A-0128,เคมีฉบับสมบูรณ์ เล่ม 2,วิทยาศาสตร์,Global Reader,ชั้น A5
A-0129,ฟิสิกส์เบื้องต้น 2026,นิยาย,ThaiBooks,ชั้น B9
A-0130,คณิตศาสตร์ขั้นสูง ฉบับพิมพ์ครั้งที่ 2,สุขภาพ,XYZ Press,ชั้น E4
A-0131,ภูมิศาสตร์ฉบับสมบูรณ์,สังคมศึกษา,EduPlus,ชั้น A8
A-0132,ดนตรีขั้นสูง เล่ม 3,วิทยาศาสตร์,XYZ Press,ชั้น A4
A-0133,ฟิสิกส์ฉบับสมบูรณ์,นิยาย,Learning Co.,ชั้น C9
A-0134,ประวัติศาสตร์เชิงปฏิบัติ ฉบับพิมพ์ครั้งที่ 2,ภาษา,Global Reader,ชั้น D5
A-0135,วรรณคดีไทยเชิงปฏิบัติ เล่ม 2,ศิลปะ,BookHub,ชั้น C1
A-0136,สุขศึกษาฉบับสมบูรณ์ เล่ม 1: Hands-on,นิยาย,ABC Publishing,ชั้น E9
A-0137,การออกแบบกราฟิกฉบับสมบูรณ์: กรณีศึกษา,สุขภาพ,Global Reader,ชั้น E2
A-0138,ปรัชญาฉบับสมบูรณ์ เล่ม 3,ศิลปะ,Siam Knowledge,ชั้น D2
A-0139,ชีววิทยาเชิงปฏิบัติ Edition 3,ธุรกิจ,Siam Knowledge,ชั้น A7
A-0140,สถิติขั้นกลาง Edition 3,สุขภาพ,Learning Co.,ชั้น E3
A-0141,การเงินคู่มือ เล่ม 1,ธุรกิจ,Learning Co.,ชั้น C1
A-0142,ประวัติศาสตร์เพื่อการสื่อสาร 2024,คอมพิวเตอร์,Siam Knowledge,ชั้น D5
A-0143,ปรัชญาเพื่อการสื่อสาร เล่ม 1,ธุรกิจ,NextGen Media,ชั้น E9
A-0144,วรรณคดีไทยเชิงปฏิบัติ เล่ม 1,เทคโนโลยี,Science House,ชั้น B9
A-0145,ปรัชญาเชิงปฏิบัติ เล่ม 2: Hands-on,สังคมศึกษา,BookHub,ชั้น B1
A-0146,กฎหมายเบื้องต้นคู่มือ เล่ม 1,การศึกษา,History Press,ชั้น A8
A-0147,ปรัชญาพื้นฐาน เล่ม 3,ภาษา,Global Reader,ชั้น E6
A-0148,เศรษฐศาสตร์เพื่อการสื่อสาร 2025,สังคมศึกษา,ThaiBooks,ชั้น D6
A-0149,ภาษาอังกฤษเพื่อการสื่อสาร ฉบับปรับปรุง,เทคโนโลยี,BookHub,ชั้น A9
A-0150,สถิติพื้นฐาน ฉบับพิมพ์ครั้งที่ 2,ศิลปะ,TechWorld,ชั้น D3
A-0151,เศรษฐศาสตร์เบื้องต้น ฉบับพิมพ์ครั้งที่ 2,นิยาย,NextGen Media,ชั้น E3
A-0152,วรรณคดีไทยขั้นกลาง 2025,ธุรกิจ,TechWorld,ชั้น D6
A-0153,ความปลอดภัยไซเบอร์คู่มือ 2026,ธุรกิจ,History Press,ชั้น E5
A-0154,ภูมิศาสตร์เพื่อการสื่อสาร ฉบับปรับปรุง,ศิลปะ,ABC Publishing,ชั้น C1
A-0155,ฐานข้อมูลเชิงปฏิบัติ 2026,อ้างอิง,Siam Knowledge,ชั้น A10
A-0156,วรรณคดีไทยเบื้องต้น เล่ม 3,นิยาย,TechWorld,ชั้น A7
A-0157,สถิติเชิงปฏิบัติ เล่ม 2,สุขภาพ,ABC Publishing,ชั้น E7
A-0158,ภาษาอังกฤษเพื่อการสื่อสาร เล่ม 3: แบบฝึกหัดพร้อมเฉลย,ธุรกิจ,NextGen Media,ชั้น E5
A-0159,การเงินพื้นฐาน Edition 3,เทคโนโลยี,EduPlus,ชั้น C1
A-0160,โภชนาการเชิงปฏิบัติ 2024: แนวคิดและแบบฝึกหัด,สังคมศึกษา,Siam Knowledge,ชั้น E4
A-0161,การพัฒนาซอฟต์แวร์ฉบับสมบูรณ์ ฉบับปรับปรุง,ศิลปะ,XYZ Press,ชั้น E9
A-0162,โภชนาการพื้นฐาน 2025,ภาษา,ABC Publishing,ชั้น A3
A-0163,การตลาดเบื้องต้น ฉบับพิมพ์ครั้งที่ 2,ศิลปะ,Science House,ชั้น B6
A-0164,ภาษาไทยเพื่อการสื่อสาร,วิทยาศาสตร์,Science House,ชั้น B2
A-0165,ชีววิทยาเพื่อการสื่อสาร,สุขภาพ,NextGen Media,ชั้น A10
A-0166,ภูมิศาสตร์เชิงปฏิบัติ ฉบับพิมพ์ครั้งที่ 2,อ้างอิง,ABC Publishing,ชั้น C10
A-0167,การจัดการโครงการฉบับสมบูรณ์ 2024,สุขภาพ,TechWorld,ชั้น D8
A-0168,กฎหมายเบื้องต้นเพื่อการสื่อสาร ฉบับพิมพ์ครั้งที่ 2,ภาษา,History Press,ชั้น C5
A-0169,สถิติเชิงปฏิบัติ เล่ม 2,นิยาย,TechWorld,ชั้น D7
A-0170,กฎหมายเบื้องต้นฉบับสมบูรณ์ เล่ม 1,อ้างอิง,EduPlus,ชั้น B8
A-0171,การเขียนโปรแกรมเบื้องต้น,ภาษา,History Press,ชั้น D9
A-0172,ปัญญาประดิษฐ์สำหรับผู้เริ่มต้น ฉบับปรับปรุง,นิยาย,Learning Co.,ชั้น E4
A-0173,ความปลอดภัยไซเบอร์ขั้นกลาง เล่ม 2,อ้างอิง,ABC Publishing,ชั้น B10
A-0174,ปัญญาประดิษฐ์เชิงปฏิบัติ เล่ม 1,วิทยาศาสตร์,XYZ Press,ชั้น B9
A-0175,การตลาดเพื่อการสื่อสาร เล่ม 3,เทคโนโลยี,TechWorld,ชั้น D4
A-0176,ภาษาไทยฉบับสมบูรณ์ เล่ม 3,สุขภาพ,Learning Co.,ชั้น E8
A-0177,สถิติสำหรับผู้เริ่มต้น เล่ม 2,การศึกษา,Science House,ชั้น E9
A-0178,ภูมิศาสตร์เพื่อการสื่อสาร 2024,ศิลปะ,ABC Publishing,ชั้น B7
A-0179,ดนตรีพื้นฐาน 2025,อ้างอิง,Learning Co.,ชั้น D8
A-0180,การเงินสำหรับผู้เริ่มต้น เล่ม 2,สุขภาพ,ABC Publishing,ชั้น D10
A-0181,การจัดการโครงการคู่มือ Edition 3,สังคมศึกษา,Siam Knowledge,ชั้น A5
A-0182,โภชนาการเชิงปฏิบัติ ฉบับพิมพ์ครั้งที่ 2,การศึกษา,Science House,ชั้น A3
A-0183,คณิตศาสตร์ฉบับสมบูรณ์ 2025: กรณีศึกษา,เทคโนโลยี,Science House,ชั้น C5
A-0184,ปรัชญาสำหรับผู้เริ่มต้น 2024,วิทยาศาสตร์,EduPlus,ชั้น E2
A-0185,ประวัติศาสตร์เชิงปฏิบัติ,ภาษา,ABC Publishing,ชั้น E5
A-0186,บัญชีขั้นสูง 2025,สังคมศึกษา,TechWorld,ชั้น A7
A-0187,การออกแบบกราฟิกสำหรับผู้เริ่มต้น 2024,อ้างอิง,TechWorld,ชั้น A4
A-0188,การเงินฉบับสมบูรณ์ ฉบับปรับปรุง,สุขภาพ,XYZ Press,ชั้น E3
A-0189,เคมีเบื้องต้น เล่ม 1,สังคมศึกษา,Science House,ชั้น D7
A-0190,เคมีพื้นฐาน 2024,สังคมศึกษา,History Press,ชั้น C2
A-0191,ความปลอดภัยไซเบอร์ขั้นกลาง: กรณีศึกษา,วิทยาศาสตร์,Global Reader,ชั้น B7
A-0192,ปัญญาประดิษฐ์ขั้นกลาง เล่ม 2,คอมพิวเตอร์,Science House,ชั้น A1
A-0193,บัญชีขั้นสูง,วิทยาศาสตร์,Learning Co.,ชั้น A4
A-0194,ภาษาอังกฤษเพื่อการสื่อสาร 2024: แนวคิดและแบบฝึกหัด,สุขภาพ,ThaiBooks,ชั้น E10
A-0195,บัญชีคู่มือ: Hands-on,สังคมศึกษา,NextGen Media,ชั้น A3
A-0196,ฐานข้อมูลคู่มือ ฉบับพิมพ์ครั้งที่ 2,คอมพิวเตอร์,ABC Publishing,ชั้น D1
A-0197,สถิติเพื่อการสื่อสาร 2026,สุขภาพ,BookHub,ชั้น C9
A-0198,ชีววิทยาพื้นฐาน Edition 3,การศึกษา,Science House,ชั้น B8
A-0199,สุขศึกษาคู่มือ Edition 3,นิยาย,Global Reader,ชั้น B9
A-0200,ปรัชญาคู่มือ,การศึกษา,Siam Knowledge,ชั้น E2
A-0201,การจัดการโครงการคู่มือ ฉบับปรับปรุง,สังคมศึกษา,EduPlus,ชั้น C2
A-0202,วิทยาการข้อมูลเชิงปฏิบัติ 2026,การศึกษา,TechWorld,ชั้น C8
A-0203,การตลาดฉบับสมบูรณ์ Edition 3,อ้างอิง,ThaiBooks,ชั้น A5
A-0204,ชีววิทยาพื้นฐาน เล่ม 2,ธุรกิจ,Science House,ชั้น D6
A-0205,คณิตศาสตร์คู่มือ 2024,การศึกษา,EduPlus,ชั้น C3
A-0206,สถิติเพื่อการสื่อสาร เล่ม 1,นิยาย,Learning Co.,ชั้น C3
A-0207,ประวัติศาสตร์คู่มือ ฉบับปรับปรุง,สุขภาพ,History Press,ชั้น A7
A-0208,บัญชีคู่มือ Edition 3: แบบฝึกหัดพร้อมเฉลย,นิยาย,History Press,ชั้น C8
A-0209,สถิติคู่มือ,อ้างอิง,Global Reader,ชั้น A2
A-0210,สุขศึกษาฉบับสมบูรณ์ เล่ม 1,ภาษา,TechWorld,ชั้น C3
A-0211,การเขียนโปรแกรมขั้นกลาง เล่ม 3,ศิลปะ,XYZ Press,ชั้น A10
A-0212,ฐานข้อมูลเบื้องต้น เล่ม 2,สังคมศึกษา,EduPlus,ชั้น C7
A-0213,ปรัชญาสำหรับผู้เริ่มต้น เล่ม 3,ธุรกิจ,NextGen Media,ชั้น D9
A-0214,ชีววิทยาเบื้องต้น เล่ม 3,นิยาย,ABC Publishing,ชั้น E4
A-0215,ชีววิทยาฉบับสมบูรณ์ 2025,สุขภาพ,NextGen Media,ชั้น C9
A-0216,จิตวิทยาฉบับสมบูรณ์ ฉบับปรับปรุง,การศึกษา,TechWorld,ชั้น C8
A-0217,ประวัติศาสตร์ฉบับสมบูรณ์,อ้างอิง,Learning Co.,ชั้น A3
A-0218,ภูมิศาสตร์เพื่อการสื่อสาร: กรณีศึกษา,ภาษา,History Press,ชั้น E10
A-0219,ภาษาอังกฤษฉบับสมบูรณ์ ฉบับพิมพ์ครั้งที่ 2,คอมพิวเตอร์,ThaiBooks,ชั้น E8
A-0220,จิตวิทยาขั้นกลาง เล่ม 3,สังคมศึกษา,Global Reader,ชั้น D6
A-0221,วิทยาการข้อมูลสำหรับผู้เริ่มต้น เล่ม 2,คอมพิวเตอร์,EduPlus,ชั้น A2
A-0222,ปรัชญาพื้นฐาน Edition 3,นิยาย,EduPlus,ชั้น E6
A-0223,โภชนาการเพื่อการสื่อสาร ฉบับพิมพ์ครั้งที่ 2: แนวคิดและแบบฝึกหัด,ธุรกิจ,Science House,ชั้น D10
A-0224,ปรัชญาสำหรับผู้เริ่มต้น เล่ม 2,การศึกษา,History Press,ชั้น C8
A-0225,ศิลปะเพื่อการสื่อสาร 2024: แบบฝึกหัดพร้อมเฉลย,ธุรกิจ,History Press,ชั้น C2
A-0226,ความปลอดภัยไซเบอร์ขั้นกลาง เล่ม 2,การศึกษา,Global Reader,ชั้น D3
A-0227,เคมีสำหรับผู้เริ่มต้น Edition 3,อ้างอิง,Science House,ชั้น B6
A-0228,ประวัติศาสตร์ขั้นกลาง ฉบับพิมพ์ครั้งที่ 2,นิยาย,Science House,ชั้น E9
A-0229,ความปลอดภัยไซเบอร์พื้นฐาน เล่ม 3,อ้างอิง,ThaiBooks,ชั้น C10
A-0230,ความปลอดภัยไซเบอร์เชิงปฏิบัติ,นิยาย,TechWorld,ชั้น E1
A-0231,การตลาดขั้นกลาง 2025: Workshop,อ้างอิง,Learning Co.,ชั้น B8
A-0232,ศิลปะเบื้องต้น Edition 3,ภาษา,ThaiBooks,ชั้น C9
A-0233,คณิตศาสตร์เบื้องต้น Edition 3,การศึกษา,Siam Knowledge,ชั้น A6
A-0234,สุขศึกษาคู่มือ 2026,เทคโนโลยี,BookHub,ชั้น A3
A-0235,ปรัชญาขั้นสูง Edition 3,เทคโนโลยี,Science House,ชั้น A4
A-0236,ปรัชญาพื้นฐาน Edition 3,การศึกษา,Global Reader,ชั้น E2
A-0237,ฟิสิกส์เบื้องต้น ฉบับปรับปรุง,สุขภาพ,Global Reader,ชั้น D4
A-0238,สุขศึกษาขั้นกลาง Edition 3,ภาษา,EduPlus,ชั้น C7
A-0239,ความปลอดภัยไซเบอร์สำหรับผู้เริ่มต้น: แบบฝึกหัดพร้อมเฉลย,การศึกษา,TechWorld,ชั้น A7
A-0240,ดนตรีเพื่อการสื่อสาร ฉบับพิมพ์ครั้งที่ 2,อ้างอิง,NextGen Media,ชั้น A10
A-0241,การตลาดพื้นฐาน,ธุรกิจ,Learning Co.,ชั้น E2
A-0242,เครือข่ายคอมพิวเตอร์เพื่อการสื่อสาร เล่ม 3,การศึกษา,Learning Co.,ชั้น D6
A-0243,การเงินสำหรับผู้เริ่มต้น เล่ม 3,อ้างอิง,Global Reader,ชั้น A6
A-0244,โภชนาการเพื่อการสื่อสาร 2024,ธุรกิจ,Learning Co.,ชั้น B2
A-0245,เคมีสำหรับผู้เริ่มต้น 2025,วิทยาศาสตร์,Science House,ชั้น A5
A-0246,กฎหมายเบื้องต้นพื้นฐาน 2024,เทคโนโลยี,ABC Publishing,ชั้น E3
A-0247,การตลาดขั้นกลาง,วิทยาศาสตร์,Science House,ชั้น E5
A-0248,ความปลอดภัยไซเบอร์ขั้นกลาง 2025: แบบฝึกหัดพร้อมเฉลย,อ้างอิง,BookHub,ชั้น B6
A-0249,ปรัชญาฉบับสมบูรณ์ 2025,สังคมศึกษา,Learning Co.,ชั้น D1
A-0250,การจัดการโครงการขั้นสูง Edition 3,นิยาย,ThaiBooks,ชั้น C10
A-0251,ความปลอดภัยไซเบอร์ฉบับสมบูรณ์ 2026,ศิลปะ,Science House,ชั้น B3
A-0252,ปัญญาประดิษฐ์ขั้นกลาง ฉบับพิมพ์ครั้งที่ 2: Workshop,ธุรกิจ,Global Reader,ชั้น A7
A-0253,เครือข่ายคอมพิวเตอร์คู่มือ เล่ม 2,วิทยาศาสตร์,Learning Co.,ชั้น C9
A-0254,การจัดการโครงการคู่มือ เล่ม 3,การศึกษา,History Press,ชั้น C9
A-0255,การจัดการโครงการสำหรับผู้เริ่มต้น เล่ม 1,ศิลปะ,Global Reader,ชั้น C4
A-0256,ภูมิศาสตร์เพื่อการสื่อสาร เล่ม 2,คอมพิวเตอร์,TechWorld,ชั้น A7
A-0257,วิทยาการข้อมูลสำหรับผู้เริ่มต้น เล่ม 3: แบบฝึกหัดพร้อมเฉลย,สุขภาพ,BookHub,ชั้น A9
A-0258,ความปลอดภัยไซเบอร์เชิงปฏิบัติ 2025,การศึกษา,ABC Publishing,ชั้น B7
A-0259,เคมีขั้นกลาง 2024,นิยาย,Global Reader,ชั้น C8
A-0260,ประวัติศาสตร์ฉบับสมบูรณ์ ฉบับปรับปรุง,คอมพิวเตอร์,History Press,ชั้น C7
A-0261,โภชนาการเชิงปฏิบัติ เล่ม 2: Workshop,นิยาย,Global Reader,ชั้น A2
A-0262,โภชนาการคู่มือ,วิทยาศาสตร์,Learning Co.,ชั้น C8
A-0263,การเขียนโปรแกรมสำหรับผู้เริ่มต้น ฉบับปรับปรุง,วิทยาศาสตร์,Siam Knowledge,ชั้น E3
A-0264,ชีววิทยาคู่มือ Edition 3: Hands-on,เทคโนโลยี,Global Reader,ชั้น D3
A-0265,ดนตรีเบื้องต้น 2026,คอมพิวเตอร์,Siam Knowledge,ชั้น C5
A-0266,บัญชีฉบับสมบูรณ์ เล่ม 1,การศึกษา,TechWorld,ชั้น B6
A-0267,ฐานข้อมูลพื้นฐาน,ธุรกิจ,Science House,ชั้น A3
A-0268,บัญชีคู่มือ Edition 3,วิทยาศาสตร์,Siam Knowledge,ชั้น C10
A-0269,เครือข่ายคอมพิวเตอร์เชิงปฏิบัติ เล่ม 3,การศึกษา,BookHub,ชั้น E10
A-0270,ปรัชญาเบื้องต้น ฉบับพิมพ์ครั้งที่ 2,สังคมศึกษา,ABC Publishing,ชั้น C1
A-0271,การพัฒนาซอฟต์แวร์ฉบับสมบูรณ์ 2024,เทคโนโลยี,ThaiBooks,ชั้น B7
A-0272,คณิตศาสตร์ขั้นสูง ฉบับพิมพ์ครั้งที่ 2,คอมพิวเตอร์,Siam Knowledge,ชั้น C2
A-0273,เศรษฐศาสตร์พื้นฐาน Edition 3,ศิลปะ,BookHub,ชั้น C9
A-0274,การจัดการโครงการเพื่อการสื่อสาร Edition 3,สุขภาพ,BookHub,ชั้น D2
A-0275,บัญชีคู่มือ ฉบับพิมพ์ครั้งที่ 2,ศิลปะ,XYZ Press,ชั้น C8
A-0276,สุขศึกษาขั้นกลาง 2024,การศึกษา,XYZ Press,ชั้น C1
A-0277,การออกแบบกราฟิกฉบับสมบูรณ์ ฉบับพิมพ์ครั้งที่ 2,ศิลปะ,Science House,ชั้น E5
A-0278,ปรัชญาสำหรับผู้เริ่มต้น 2025: แบบฝึกหัดพร้อมเฉลย,นิยาย,EduPlus,ชั้น B8
A-0279,โภชนาการเบื้องต้น เล่ม 2,ศิลปะ,TechWorld,ชั้น D3
A-0280,ปัญญาประดิษฐ์ขั้นกลาง เล่ม 1: Hands-on,อ้างอิง,ThaiBooks,ชั้น A3
A-0281,ภาษาอังกฤษพื้นฐาน ฉบับปรับปรุง,ธุรกิจ,TechWorld,ชั้น C5
A-0282,ศิลปะเบื้องต้น,สุขภาพ,TechWorld,ชั้น C4
A-0283,ปรัชญาพื้นฐาน: แบบฝึกหัดพร้อมเฉลย,ศิลปะ,TechWorld,ชั้น E2
A-0284,เศรษฐศาสตร์ขั้นสูง เล่ม 2: กรณีศึกษา,สุขภาพ,Global Reader,ชั้น C5
A-0285,การพัฒนาซอฟต์แวร์คู่มือ เล่ม 2,ภาษา,BookHub,ชั้น C9
A-0286,เคมีฉบับสมบูรณ์ 2025,วิทยาศาสตร์,XYZ Press,ชั้น C9
A-0287,ฟิสิกส์เชิงปฏิบัติ เล่ม 2,ธุรกิจ,Siam Knowledge,ชั้น C3
A-0288,เครือข่ายคอมพิวเตอร์พื้นฐาน 2024,ภาษา,Science House,ชั้น E6
A-0289,เครือข่ายคอมพิวเตอร์ขั้นกลาง Edition 3,การศึกษา,History Press,ชั้น A9
A-0290,ภูมิศาสตร์เชิงปฏิบัติ เล่ม 1,นิยาย,TechWorld,ชั้น C10
A-0291,ปัญญาประดิษฐ์คู่มือ เล่ม 3,การศึกษา,XYZ Press,ชั้น B10
A-0292,การเงินเชิงปฏิบัติ 2024,ศิลปะ,NextGen Media,ชั้น A5
A-0293,ภาษาอังกฤษสำหรับผู้เริ่มต้น เล่ม 2,อ้างอิง,Global Reader,ชั้น C3
A-0294,ภาษาอังกฤษคู่มือ,วิทยาศาสตร์,EduPlus,ชั้น D3
A-0295,การพัฒนาซอฟต์แวร์เบื้องต้น เล่ม 2,ภาษา,Science House,ชั้น B1
A-0296,การตลาดขั้นสูง Edition 3,เทคโนโลยี,Learning Co.,ชั้น A6
A-0297,เศรษฐศาสตร์ขั้นสูง 2024,อ้างอิง,Learning Co.,ชั้น D10
A-0298,ดนตรีพื้นฐาน 2024,นิยาย,NextGen Media,ชั้น A10
A-0299,ฟิสิกส์สำหรับผู้เริ่มต้น: แนวคิดและแบบฝึกหัด,การศึกษา,ABC Publishing,ชั้น E2
A-0300,ความปลอดภัยไซเบอร์ฉบับสมบูรณ์ ฉบับปรับปรุง,ศิลปะ,NextGen Media,ชั้น E1
A-0301,การเขียนโปรแกรมเชิงปฏิบัติ 2024,ภาษา,ThaiBooks,ชั้น B6
A-0302,ปัญญาประดิษฐ์เพื่อการสื่อสาร ฉบับพิมพ์ครั้งที่ 2,คอมพิวเตอร์,Science House,ชั้น C9
A-0303,จิตวิทยาเชิงปฏิบัติ 2025,นิยาย,Science House,ชั้น C1
A-0304,สถิติสำหรับผู้เริ่มต้น Edition 3,วิทยาศาสตร์,TechWorld,ชั้น D3
A-0305,ดนตรีพื้นฐาน Edition 3,การศึกษา,Learning Co.,ชั้น C9
A-0306,ภูมิศาสตร์ขั้นกลาง เล่ม 2: Workshop,นิยาย,EduPlus,ชั้น B6
A-0307,สถิติขั้นกลาง Edition 3,ธุรกิจ,History Press,ชั้น E9
A-0308,ฟิสิกส์เชิงปฏิบัติ 2024,ภาษา,ThaiBooks,ชั้น A2
A-0309,ชีววิทยาเพื่อการสื่อสาร 2024,สังคมศึกษา,History Press,ชั้น D8
A-0310,บัญชีเบื้องต้น เล่ม 1,นิยาย,Siam Knowledge,ชั้น E4
A-0311,วรรณคดีไทยฉบับสมบูรณ์ 2024: แนวคิดและแบบฝึกหัด,ศิลปะ,Science House,ชั้น B7
A-0312,ฐานข้อมูลสำหรับผู้เริ่มต้น 2026,ศิลปะ,ABC Publishing,ชั้น D7
A-0313,ดนตรีขั้นสูง Edition 3,การศึกษา,EduPlus,ชั้น D3
A-0314,ปรัชญาคู่มือ ฉบับพิมพ์ครั้งที่ 2,นิยาย,Siam Knowledge,ชั้น D10
A-0315,ประวัติศาสตร์ขั้นกลาง เล่ม 2,ธุรกิจ,Global Reader,ชั้น C4
A-0316,ความปลอดภัยไซเบอร์ขั้นกลาง ฉบับปรับปรุง,ศิลปะ,Global Reader,ชั้น A3
A-0317,คณิตศาสตร์เบื้องต้น เล่ม 3,สุขภาพ,Global Reader,ชั้น C10
A-0318,ภาษาอังกฤษคู่มือ เล่ม 3,นิยาย,TechWorld,ชั้น B1
A-0319,การเงินฉบับสมบูรณ์,เทคโนโลยี,Global Reader,ชั้น D2
A-0320,เครือข่ายคอมพิวเตอร์ฉบับสมบูรณ์ 2025,ธุรกิจ,TechWorld,ชั้น E4
A-0321,ประวัติศาสตร์เพื่อการสื่อสาร,อ้างอิง,ABC Publishing,ชั้น D9
A-0322,วรรณคดีไทยฉบับสมบูรณ์,คอมพิวเตอร์,NextGen Media,ชั้น D1
A-0323,ฟิสิกส์คู่มือ,ศิลปะ,Science House,ชั้น E4
A-0324,ภูมิศาสตร์เบื้องต้น,การศึกษา,History Press,ชั้น A2
A-0325,ปรัชญาสำหรับผู้เริ่มต้น 2026,สังคมศึกษา,EduPlus,ชั้น D3
A-0326,ความปลอดภัยไซเบอร์เชิงปฏิบัติ เล่ม 1,เทคโนโลยี,History Press,ชั้น D6
A-0327,การตลาดเชิงปฏิบัติ 2024,วิทยาศาสตร์,ThaiBooks,ชั้น D5
A-0328,การตลาดคู่มือ Edition 3,อ้างอิง,Siam Knowledge,ชั้น E5
A-0329,เศรษฐศาสตร์เชิงปฏิบัติ ฉบับปรับปรุง,ภาษา,Global Reader,ชั้น B10
A-0330,ภูมิศาสตร์ฉบับสมบูรณ์ ฉบับพิมพ์ครั้งที่ 2,สุขภาพ,TechWorld,ชั้น D1
A-0331,บัญชีคู่มือ ฉบับพิมพ์ครั้งที่ 2,นิยาย,Siam Knowledge,ชั้น D5
A-0332,การเงินเพื่อการสื่อสาร Edition 3,วิทยาศาสตร์,Learning Co.,ชั้น A3
A-0333,กฎหมายเบื้องต้นพื้นฐาน Edition 3,อ้างอิง,Learning Co.,ชั้น E8
A-0334,วรรณคดีไทยขั้นสูง ฉบับปรับปรุง,ภาษา,Global Reader,ชั้น E5
A-0335,เศรษฐศาสตร์ขั้นกลาง เล่ม 2,นิยาย,History Press,ชั้น B6
A-0336,คณิตศาสตร์คู่มือ ฉบับปรับปรุง,คอมพิวเตอร์,XYZ Press,ชั้น C7
A-0337,การตลาดเชิงปฏิบัติ เล่ม 2,วิทยาศาสตร์,ABC Publishing,ชั้น D6
A-0338,การพัฒนาซอฟต์แวร์ขั้นกลาง 2026,สุขภาพ,ThaiBooks,ชั้น E2
A-0339,เคมีฉบับสมบูรณ์ Edition 3,คอมพิวเตอร์,XYZ Press,ชั้น E2
A-0340,ศิลปะขั้นสูง 2024,คอมพิวเตอร์,Science House,ชั้น C7
A-0341,การจัดการโครงการขั้นกลาง เล่ม 1,ศิลปะ,ThaiBooks,ชั้น B2
A-0342,การพัฒนาซอฟต์แวร์ฉบับสมบูรณ์ เล่ม 1: Hands-on,นิยาย,XYZ Press,ชั้น C2
A-0343,กฎหมายเบื้องต้นเชิงปฏิบัติ 2024,วิทยาศาสตร์,Global Reader,ชั้น C10
A-0344,เศรษฐศาสตร์ขั้นสูง เล่ม 2,สุขภาพ,Siam Knowledge,ชั้น B7
A-0345,เครือข่ายคอมพิวเตอร์ขั้นกลาง เล่ม 1,ภาษา,NextGen Media,ชั้น E4
A-0346,ความปลอดภัยไซเบอร์ขั้นสูง เล่ม 3,อ้างอิง,EduPlus,ชั้น C8
A-0347,ภาษาไทยสำหรับผู้เริ่มต้น เล่ม 2,การศึกษา,Science House,ชั้น A9
A-0348,วรรณคดีไทยสำหรับผู้เริ่มต้น ฉบับปรับปรุง: Workshop,สังคมศึกษา,ThaiBooks,ชั้น E9
A-0349,เศรษฐศาสตร์สำหรับผู้เริ่มต้น ฉบับพิมพ์ครั้งที่ 2,นิยาย,ABC Publishing,ชั้น B7
A-0350,โภชนาการสำหรับผู้เริ่มต้น ฉบับปรับปรุง: แนวคิดและแบบฝึกหัด,สุขภาพ,Learning Co.,ชั้น B1
A-0351,การเงินคู่มือ ฉบับพิมพ์ครั้งที่ 2,อ้างอิง,Learning Co.,ชั้น C4
A-0352,สุขศึกษาขั้นสูง ฉบับปรับปรุง,สุขภาพ,Science House,ชั้น C10
A-0353,ฐานข้อมูลสำหรับผู้เริ่มต้น 2026,สุขภาพ,Global Reader,ชั้น E3
A-0354,วิทยาการข้อมูลขั้นสูง ฉบับปรับปรุง,นิยาย,XYZ Press,ชั้น D4
A-0355,ปรัชญาคู่มือ Edition 3: Hands-on,การศึกษา,ABC Publishing,ชั้น D6
A-0356,การจัดการโครงการคู่มือ ฉบับปรับปรุง,วิทยาศาสตร์,Science House,ชั้น C1
A-0357,สถิติคู่มือ 2025: กรณีศึกษา,นิยาย,ThaiBooks,ชั้น A6
A-0358,การจัดการโครงการคู่มือ 2025,สุขภาพ,Science House,ชั้น D3
A-0359,จิตวิทยาเชิงปฏิบัติ: Workshop,อ้างอิง,Learning Co.,ชั้น E7
A-0360,การเขียนโปรแกรมเพื่อการสื่อสาร ฉบับพิมพ์ครั้งที่ 2,สังคมศึกษา,NextGen Media,ชั้น A5
A-0361,คณิตศาสตร์เพื่อการสื่อสาร Edition 3,เทคโนโลยี,ABC Publishing,ชั้น A5
A-0362,การพัฒนาซอฟต์แวร์เชิงปฏิบัติ เล่ม 1,วิทยาศาสตร์,Science House,ชั้น E10
A-0363,โภชนาการเพื่อการสื่อสาร Edition 3,ศิลปะ,ThaiBooks,ชั้น C5
A-0364,การเงินพื้นฐาน 2024: แบบฝึกหัดพร้อมเฉลย,การศึกษา,Science House,ชั้น D5
A-0365,การเงินคู่มือ เล่ม 3,สังคมศึกษา,ABC Publishing,ชั้น E9
A-0366,การเขียนโปรแกรมฉบับสมบูรณ์ 2025,เทคโนโลยี,EduPlus,ชั้น D5
A-0367,การเงินขั้นสูง ฉบับปรับปรุง,วิทยาศาสตร์,Learning Co.,ชั้น B3
A-0368,การพัฒนาซอฟต์แวร์พื้นฐาน เล่ม 1,ศิลปะ,NextGen Media,ชั้น E10
A-0369,การพัฒนาซอฟต์แวร์เบื้องต้น ฉบับปรับปรุง,การศึกษา,NextGen Media,ชั้น A3
A-0370,ปรัชญาเบื้องต้น ฉบับปรับปรุง,ศิลปะ,ThaiBooks,ชั้น B5
A-0371,ดนตรีขั้นสูง เล่ม 1: แบบฝึกหัดพร้อมเฉลย,สังคมศึกษา,BookHub,ชั้น D7
A-0372,การตลาดสำหรับผู้เริ่มต้น ฉบับปรับปรุง,วิทยาศาสตร์,Siam Knowledge,ชั้น D4
A-0373,ภูมิศาสตร์เพื่อการสื่อสาร ฉบับพิมพ์ครั้งที่ 2,เทคโนโลยี,NextGen Media,ชั้น E8
A-0374,การพัฒนาซอฟต์แวร์ขั้นกลาง 2026,คอมพิวเตอร์,TechWorld,ชั้น E2
A-0375,การออกแบบกราฟิกเพื่อการสื่อสาร 2024,ศิลปะ,EduPlus,ชั้น A10
A-0376,กฎหมายเบื้องต้นเพื่อการสื่อสาร เล่ม 3,สุขภาพ,History Press,ชั้น B5
A-0377,กฎหมายเบื้องต้นขั้นกลาง 2025,เทคโนโลยี,EduPlus,ชั้น C7
A-0378,ดนตรีคู่มือ เล่ม 3,ภาษา,History Press,ชั้น C2
A-0379,โภชนาการพื้นฐาน 2025,การศึกษา,Global Reader,ชั้น E7
A-0380,วิทยาการข้อมูลขั้นสูง เล่ม 1,อ้างอิง,NextGen Media,ชั้น D9
A-0381,คณิตศาสตร์พื้นฐาน ฉบับปรับปรุง,นิยาย,BookHub,ชั้น E3
A-0382,ดนตรีขั้นสูง 2025,ธุรกิจ,Learning Co.,ชั้น A1
A-0383,เคมีขั้นสูง เล่ม 2,สุขภาพ,History Press,ชั้น E5
A-0384,สุขศึกษาขั้นสูง 2026,เทคโนโลยี,TechWorld,ชั้น E10
A-0385,กฎหมายเบื้องต้นเพื่อการสื่อสาร 2025,ธุรกิจ,Learning Co.,ชั้น B7
A-0386,บัญชีคู่มือ 2025,สุขภาพ,TechWorld,ชั้น B4
A-0387,บัญชีสำหรับผู้เริ่มต้น 2026: กรณีศึกษา,วิทยาศาสตร์,ABC Publishing,ชั้น B7
A-0388,ดนตรีเพื่อการสื่อสาร ฉบับพิมพ์ครั้งที่ 2,ธุรกิจ,History Press,ชั้น C5
A-0389,ศิลปะขั้นสูง 2025,อ้างอิง,TechWorld,ชั้น B7
A-0390,ความปลอดภัยไซเบอร์เชิงปฏิบัติ 2025,ธุรกิจ,Science House,ชั้น A9
A-0391,ฐานข้อมูลคู่มือ 2025,เทคโนโลยี,Siam Knowledge,ชั้น A4
A-0392,ภาษาไทยเบื้องต้น เล่ม 2,อ้างอิง,ABC Publishing,ชั้น E9
A-0393,การเขียนโปรแกรมเพื่อการสื่อสาร เล่ม 3,สังคมศึกษา,XYZ Press,ชั้น E6
A-0394,ภาษาอังกฤษเบื้องต้น ฉบับปรับปรุง,ธุรกิจ,ABC Publishing,ชั้น D10
A-0395,โภชนาการเชิงปฏิบัติ 2025: Hands-on,เทคโนโลยี,EduPlus,ชั้น A1
A-0396,การเขียนโปรแกรมคู่มือ ฉบับพิมพ์ครั้งที่ 2,ภาษา,ABC Publishing,ชั้น D3
A-0397,วิทยาการข้อมูลเพื่อการสื่อสาร เล่ม 3: แนวคิดและแบบฝึกหัด,เทคโนโลยี,Science House,ชั้น B6
A-0398,เคมีคู่มือ ฉบับพิมพ์ครั้งที่ 2,ภาษา,EduPlus,ชั้น A6
A-0399,บัญชีเพื่อการสื่อสาร 2025,สังคมศึกษา,Learning Co.,ชั้น E4
A-0400,วิทยาการข้อมูลพื้นฐาน เล่ม 1: Workshop,ศิลปะ,Global Reader,ชั้น D1
A-0401,คณิตศาสตร์เบื้องต้น เล่ม 3: Workshop,อ้างอิง,TechWorld,ชั้น D7
A-0402,สถิติพื้นฐาน 2024,สังคมศึกษา,History Press,ชั้น E5
A-0403,การจัดการโครงการเชิงปฏิบัติ ฉบับพิมพ์ครั้งที่ 2: แนวคิดและแบบฝึกหัด,อ้างอิง,Learning Co.,ชั้น D5
A-0404,ศิลปะเบื้องต้น เล่ม 3,ธุรกิจ,ABC Publishing,ชั้น B4
A-0405,ศิลปะขั้นกลาง 2026,ภาษา,Science House,ชั้น D7
A-0406,ภูมิศาสตร์เพื่อการสื่อสาร 2024,วิทยาศาสตร์,BookHub,ชั้น E7
A-0407,ชีววิทยาคู่มือ Edition 3: Workshop,สังคมศึกษา,XYZ Press,ชั้น C2
A-0408,สุขศึกษาเพื่อการสื่อสาร Edition 3: แบบฝึกหัดพร้อมเฉลย,สุขภาพ,ThaiBooks,ชั้น B5
A-0409,บัญชีคู่มือ 2026,อ้างอิง,NextGen Media,ชั้น E3
A-0410,การเงินพื้นฐาน,สังคมศึกษา,BookHub,ชั้น A5
A-0411,ชีววิทยาฉบับสมบูรณ์ เล่ม 3,อ้างอิง,Science House,ชั้น E8
A-0412,การเงินสำหรับผู้เริ่มต้น Edition 3: แนวคิดและแบบฝึกหัด,ภาษา,ThaiBooks,ชั้น C4
A-0413,ความปลอดภัยไซเบอร์ฉบับสมบูรณ์ เล่ม 2: กรณีศึกษา,ศิลปะ,ThaiBooks,ชั้น D6
A-0414,ดนตรีคู่มือ 2026: แนวคิดและแบบฝึกหัด,ธุรกิจ,Global Reader,ชั้น A6
A-0415,สุขศึกษาสำหรับผู้เริ่มต้น 2026: Workshop,ศิลปะ,XYZ Press,ชั้น E7
A-0416,การจัดการโครงการคู่มือ ฉบับปรับปรุง,วิทยาศาสตร์,Siam Knowledge,ชั้น C5
A-0417,ฟิสิกส์ขั้นกลาง ฉบับพิมพ์ครั้งที่ 2,สุขภาพ,Science House,ชั้น A5
A-0418,ฟิสิกส์เพื่อการสื่อสาร ฉบับพิมพ์ครั้งที่ 2,สุขภาพ,XYZ Press,ชั้น C4
A-0419,เศรษฐศาสตร์ขั้นสูง 2025,สังคมศึกษา,ThaiBooks,ชั้น A7
A-0420,ภาษาอังกฤษฉบับสมบูรณ์ เล่ม 1,ธุรกิจ,NextGen Media,ชั้น C5
A-0421,ปัญญาประดิษฐ์สำหรับผู้เริ่มต้น 2025,อ้างอิง,NextGen Media,ชั้น A9
A-0422,กฎหมายเบื้องต้นสำหรับผู้เริ่มต้น,สังคมศึกษา,ThaiBooks,ชั้น C1
A-0423,ฟิสิกส์เพื่อการสื่อสาร Edition 3,อ้างอิง,ThaiBooks,ชั้น D7
A-0424,ปัญญาประดิษฐ์ขั้นสูง Edition 3,ศิลปะ,TechWorld,ชั้น A8
A-0425,การพัฒนาซอฟต์แวร์ขั้นสูง,วิทยาศาสตร์,Siam Knowledge,ชั้น E10
A-0426,ดนตรีเบื้องต้น 2025,สังคมศึกษา,ThaiBooks,ชั้น B9
A-0427,วิทยาการข้อมูลพื้นฐาน 2026,วิทยาศาสตร์,Siam Knowledge,ชั้น B10
A-0428,ภูมิศาสตร์ฉบับสมบูรณ์ เล่ม 3,ศิลปะ,XYZ Press,ชั้น C9
A-0429,สุขศึกษาเชิงปฏิบัติ,เทคโนโลยี,BookHub,ชั้น C7
A-0430,ดนตรีเบื้องต้น Edition 3,เทคโนโลยี,NextGen Media,ชั้น E1
A-0431,การพัฒนาซอฟต์แวร์พื้นฐาน เล่ม 2,อ้างอิง,Siam Knowledge,ชั้น C3
A-0432,ฟิสิกส์เบื้องต้น,อ้างอิง,Siam Knowledge,ชั้น C6
A-0433,ความปลอดภัยไซเบอร์สำหรับผู้เริ่มต้น 2026: แนวคิดและแบบฝึกหัด,ภาษา,History Press,ชั้น D3
A-0434,ฐานข้อมูลคู่มือ 2024,นิยาย,History Press,ชั้น C9
A-0435,บัญชีเพื่อการสื่อสาร 2025,นิยาย,BookHub,ชั้น D3
A-0436,ภาษาอังกฤษสำหรับผู้เริ่มต้น เล่ม 1,ภาษา,EduPlus,ชั้น A6
A-0437,ประวัติศาสตร์ขั้นกลาง Edition 3,สุขภาพ,History Press,ชั้น D4
A-0438,วรรณคดีไทยสำหรับผู้เริ่มต้น 2025: Workshop,ธุรกิจ,XYZ Press,ชั้น B10
A-0439,คณิตศาสตร์พื้นฐาน เล่ม 1,อ้างอิง,XYZ Press,ชั้น E4
A-0440,ปัญญาประดิษฐ์ขั้นกลาง ฉบับปรับปรุง,เทคโนโลยี,Science House,ชั้น C2
A-0441,ดนตรีเพื่อการสื่อสาร 2025,ศิลปะ,Siam Knowledge,ชั้น B2
A-0442,ฟิสิกส์เพื่อการสื่อสาร 2026: Hands-on,สังคมศึกษา,ThaiBooks,ชั้น D8
A-0443,จิตวิทยาเพื่อการสื่อสาร เล่ม 1,สังคมศึกษา,Learning Co.,ชั้น E9
A-0444,เครือข่ายคอมพิวเตอร์พื้นฐาน: Hands-on,วิทยาศาสตร์,TechWorld,ชั้น C1
A-0445,เคมีเชิงปฏิบัติ เล่ม 2,สุขภาพ,Global Reader,ชั้น E1
A-0446,การตลาดเพื่อการสื่อสาร,การศึกษา,TechWorld,ชั้น C3
A-0447,สถิติเชิงปฏิบัติ,อ้างอิง,BookHub,ชั้น B10
A-0448,การพัฒนาซอฟต์แวร์พื้นฐาน เล่ม 3,สังคมศึกษา,Learning Co.,ชั้น A8
A-0449,ฟิสิกส์สำหรับผู้เริ่มต้น เล่ม 3,ศิลปะ,NextGen Media,ชั้น A9
A-0450,ศิลปะเพื่อการสื่อสาร 2026,อ้างอิง,Global Reader,ชั้น E5
A-0451,การพัฒนาซอฟต์แวร์ขั้นกลาง 2024,ภาษา,Science House,ชั้น B2
A-0452,การตลาดเชิงปฏิบัติ: แบบฝึกหัดพร้อมเฉลย,คอมพิวเตอร์,ThaiBooks,ชั้น A9
A-0453,เคมีเพื่อการสื่อสาร 2024,สุขภาพ,EduPlus,ชั้น E4
A-0454,วรรณคดีไทยเพื่อการสื่อสาร 2025,การศึกษา,NextGen Media,ชั้น A2
A-0455,ปัญญาประดิษฐ์ขั้นสูง ฉบับพิมพ์ครั้งที่ 2: กรณีศึกษา,เทคโนโลยี,Learning Co.,ชั้น B1
A-0456,ความปลอดภัยไซเบอร์เชิงปฏิบัติ,สุขภาพ,Global Reader,ชั้น D3
A-0457,ประวัติศาสตร์พื้นฐาน ฉบับพิมพ์ครั้งที่ 2,ธุรกิจ,Global Reader,ชั้น E9
A-0458,คณิตศาสตร์เชิงปฏิบัติ 2024,ศิลปะ,XYZ Press,ชั้น E8
A-0459,วิทยาการข้อมูลขั้นสูง ฉบับพิมพ์ครั้งที่ 2,คอมพิวเตอร์,ThaiBooks,ชั้น B7
A-0460,บัญชีพื้นฐาน 2025,การศึกษา,History Press,ชั้น B4
A-0461,ปัญญาประดิษฐ์สำหรับผู้เริ่มต้น,วิทยาศาสตร์,NextGen Media,ชั้น A9
A-0462,ปัญญาประดิษฐ์ขั้นสูง ฉบับปรับปรุง,นิยาย,TechWorld,ชั้น D5
A-0463,เศรษฐศาสตร์คู่มือ เล่ม 3,ภาษา,Learning Co.,ชั้น D7
A-0464,เศรษฐศาสตร์คู่มือ เล่ม 2: Workshop,คอมพิวเตอร์,Learning Co.,ชั้น E2
A-0465,ภาษาอังกฤษขั้นกลาง ฉบับปรับปรุง: แบบฝึกหัดพร้อมเฉลย,สังคมศึกษา,Siam Knowledge,ชั้น C6
A-0466,วรรณคดีไทยขั้นกลาง,อ้างอิง,EduPlus,ชั้น C5
A-0467,ปรัชญาพื้นฐาน เล่ม 2,ภาษา,BookHub,ชั้น C4
A-0468,ปรัชญาเชิงปฏิบัติ Edition 3,การศึกษา,BookHub,ชั้น C10
A-0469,โภชนาการสำหรับผู้เริ่มต้น เล่ม 2,ศิลปะ,History Press,ชั้น C8
A-0470,วิทยาการข้อมูลขั้นสูง 2025,ภาษา,TechWorld,ชั้น D6
A-0471,ศิลปะขั้นกลาง,ธุรกิจ,Siam Knowledge,ชั้น E9
A-0472,คณิตศาสตร์เบื้องต้น เล่ม 2,สุขภาพ,ABC Publishing,ชั้น A8
A-0473,การพัฒนาซอฟต์แวร์ขั้นกลาง 2025,ศิลปะ,History Press,ชั้น E5
A-0474,การพัฒนาซอฟต์แวร์ขั้นกลาง ฉบับพิมพ์ครั้งที่ 2,ภาษา,XYZ Press,ชั้น E2
A-0475,บัญชีฉบับสมบูรณ์ เล่ม 2,อ้างอิง,Science House,ชั้น A4
A-0476,การเงินฉบับสมบูรณ์ ฉบับปรับปรุง,การศึกษา,BookHub,ชั้น A7
A-0477,การเขียนโปรแกรมขั้นสูง 2025: Hands-on,สังคมศึกษา,Global Reader,ชั้น E4
A-0478,ปรัชญาเบื้องต้น เล่ม 1,การศึกษา,EduPlus,ชั้น E5
A-0479,ภาษาอังกฤษเชิงปฏิบัติ เล่ม 2,การศึกษา,BookHub,ชั้น A7
A-0480,ประวัติศาสตร์สำหรับผู้เริ่มต้น Edition 3,วิทยาศาสตร์,EduPlus,ชั้น E10
A-0481,วิทยาการข้อมูลขั้นกลาง เล่ม 3: Hands-on,คอมพิวเตอร์,NextGen Media,ชั้น E2
A-0482,ฟิสิกส์เชิงปฏิบัติ Edition 3,อ้างอิง,BookHub,ชั้น A10
A-0483,การพัฒนาซอฟต์แวร์เพื่อการสื่อสาร,สังคมศึกษา,XYZ Press,ชั้น A7
A-0484,ภาษาอังกฤษพื้นฐาน,ธุรกิจ,EduPlus,ชั้น C1
A-0485,ปัญญาประดิษฐ์ขั้นกลาง ฉบับปรับปรุง,การศึกษา,History Press,ชั้น D6
A-0486,สุขศึกษาฉบับสมบูรณ์ เล่ม 1,อ้างอิง,Learning Co.,ชั้น B4
A-0487,ภาษาไทยคู่มือ ฉบับปรับปรุง,ภาษา,Siam Knowledge,ชั้น A4
A-0488,ปัญญาประดิษฐ์ขั้นสูง 2025,สังคมศึกษา,ThaiBooks,ชั้น E1
A-0489,สุขศึกษาพื้นฐาน 2024,คอมพิวเตอร์,TechWorld,ชั้น C1
A-0490,ภาษาอังกฤษเพื่อการสื่อสาร,เทคโนโลยี,Siam Knowledge,ชั้น B2
A-0491,ความปลอดภัยไซเบอร์เชิงปฏิบัติ เล่ม 2: แนวคิดและแบบฝึกหัด,คอมพิวเตอร์,Learning Co.,ชั้น B4
A-0492,คณิตศาสตร์เบื้องต้น 2026,อ้างอิง,BookHub,ชั้น D3
A-0493,ความปลอดภัยไซเบอร์เพื่อการสื่อสาร 2026,การศึกษา,Siam Knowledge,ชั้น D5
A-0494,ดนตรีขั้นกลาง ฉบับพิมพ์ครั้งที่ 2: แนวคิดและแบบฝึกหัด,เทคโนโลยี,History Press,ชั้น A10
A-0495,ดนตรีสำหรับผู้เริ่มต้น 2026,อ้างอิง,Siam Knowledge,ชั้น E2
A-0496,ชีววิทยาฉบับสมบูรณ์ 2026,สังคมศึกษา,ABC Publishing,ชั้น B6
A-0497,ชีววิทยาเพื่อการสื่อสาร เล่ม 2,นิยาย,ABC Publishing,ชั้น B10
A-0498,การออกแบบกราฟิกขั้นกลาง เล่ม 2: กรณีศึกษา,คอมพิวเตอร์,Science House,ชั้น D2
A-0499,บัญชีคู่มือ 2024,ภาษา,Science House,ชั้น C4
A-0500,ภาษาอังกฤษฉบับสมบูรณ์ เล่ม 2,คอมพิวเตอร์,TechWorld,ชั้น C8
